Workbook

Sheet Pearson's rho
B1: FCP_M1 | C1: FCP_M2 | D1: FCP_M3 | E1: FF_O | F1: LTAVG_Y10P | G1: NFCP_M1 | H1: NFCP_M2 | I1: NFCP_M3 | J1: PRIME_NA | K1: TB_M3 | L1: TB_M6 | M1: TB_WK4 | N1: TB_Y1 | O1: TCMII_Y10 | P1: TCMII_Y20 | Q1: TCMII_Y30 | R1: TCMII_Y5 | S1: TCMII_Y7 | T1: TCMNOM_M1 | U1: TCMNOM_M3 | V1: TCMNOM_M6 | W1: TCMNOM_Y10 | X1: TCMNOM_Y1 | Y1: TCMNOM_Y20 | Z1: TCMNOM_Y2 | AA1: TCMNOM_Y30 | AB1: TCMNOM_Y3 | AC1: TCMNOM_Y5 | AD1: TCMNOM_Y7
A2: FCP_M1 | AE2: FCP_M1
A3: FCP_M2 | B3: 0.5395456 | AE3: FCP_M2
A4: FCP_M3 | B4: 0.29519648 | C4: 0.46049952 | AE4: FCP_M3
A5: FF_O | B5: 0.15050865 | C5: 0.0077667968 | D5: 0.052431235 | AE5: FF_O
A6: LTAVG_Y10P | B6: 0.04287 | C6: 0.023908608 | D6: 0.006429923 | E6: 0.069114471 | AE6: LTAVG_Y10P
A7: NFCP_M1 | B7: 0.071148789 | C7: 0.12790422 | D7: 0.070910088 | E7: 0.051806299 | F7: 0.056164825 | AE7: NFCP_M1
A8: NFCP_M2 | B8: 0.025046049 | C8: -0.019344664 | D8: 0.032180023 | E8: 0.10284191 | F8: 0.044699908 | G8: 0.26507021 | AE8: NFCP_M2
A9: NFCP_M3 | B9: -0.053162659 | C9: -0.028449653 | D9: -0.055069423 | E9: 0.040467727 | F9: 0.0086057355 | G9: 0.065511751 | H9: 0.37673699 | AE9: NFCP_M3
A10: PRIME_NA | B10: 0.082277833 | C10: -0.0039463025 | D10: 0.11675713 | E10: 0.60836863 | F10: 0.068109614 | G10: -0.075401627 | H10: 0.013270152 | I10: -0.056583851 | AE10: PRIME_NA
A11: TB_M3 | B11: 0.02586056 | C11: 0.066590842 | D11: -0.014161739 | E11: 0.013141797 | F11: 0.092743621 | G11: 0.13547737 | H11: 0.049736493 | I11: 0.16124788 | J11: -0.091670264 | AE11: TB_M3
A12: TB_M6 | B12: 0.018802166 | C12: 0.11926021 | D12: 0.027642398 | E12: 0.02812533 | F12: 0.18455589 | G12: 0.11943647 | H12: 0.07455642 | I12: 0.10685636 | J12: -0.022800221 | K12: 0.55654694 | AE12: TB_M6
A13: TB_WK4 | B13: 0.012348962 | C13: 0.020568125 | D13: -0.0050991662 | E13: 0.025030675 | F13: -0.0033290559 | G13: 0.14327002 | H13: 0.012576199 | I13: -0.02198621 | J13: -0.014214799 | K13: 0.35682388 | L13: 0.32900094 | AE13: TB_WK4
A14: TB_Y1 | B14: 0.013408711 | C14: 0.090279521 | D14: 0.041536582 | E14: -0.0040337222 | F14: 0.26997909 | G14: 0.096992028 | H14: 0.070144567 | I14: 0.038992328 | J14: -0.018859002 | K14: 0.27919265 | L14: 0.57319193 | M14: 0.21726257 | AE14: TB_Y1
A15: TCMII_Y10 | B15: 0.063990483 | C15: 0.040784279 | D15: 0.0079062961 | E15: 0.082040374 | F15: 0.93873154 | G15: 0.048341927 | H15: 0.046384882 | I15: 0.013960453 | J15: 0.07254511 | K15: 0.10842442 | L15: 0.21090028 | M15: 0.021070401 | N15: 0.32427201 | AE15: TCMII_Y10
A16: TCMII_Y20 | B16: 0.040648461 | C16: 0.040298744 | D16: 0.0036098024 | E16: 0.055428715 | F16: 0.90803945 | G16: 0.054874113 | H16: 0.028724941 | I16: 0.013975334 | J16: 0.05428709 | K16: 0.097524268 | L16: 0.18828067 | M16: 0.0072096509 | N16: 0.27031798 | O16: 0.90255038 | AE16: TCMII_Y20
A17: TCMII_Y30 | B17: 0.021057458 | C17: 0.007518812 | D17: -0.0042588519 | E17: 0.057100525 | F17: 0.97972412 | G17: 0.066193159 | H17: 0.041428267 | I17: 0.0052619666 | J17: 0.060365218 | K17: 0.070369207 | L17: 0.15072575 | M17: -0.01687717 | N17: 0.2378115 | O17: 0.9033176 | P17: 0.90374817 | AE17: TCMII_Y30
A18: TCMII_Y5 | B18: 0.085264335 | C18: 0.052087495 | D18: 0.028911785 | E18: 0.10188695 | F18: 0.70635835 | G18: 0.01111973 | H18: 0.051490692 | I18: 0.0059515874 | J18: 0.079650632 | K18: 0.12087356 | L18: 0.21672147 | M18: 0.049131864 | N18: 0.31616342 | O18: 0.80344177 | P18: 0.6177225 | Q18: 0.65582068 | AE18: TCMII_Y5
A19: TCMII_Y7 | B19: 0.066326115 | C19: 0.058439268 | D19: 0.038907976 | E19: 0.11184428 | F19: 0.76429346 | G19: 0.027764372 | H19: 0.048342343 | I19: 0.0085587098 | J19: 0.078764705 | K19: 0.10742052 | L19: 0.19494568 | M19: 0.051362421 | N19: 0.28929872 | O19: 0.83710008 | P19: 0.63998613 | Q19: 0.71669081 | R19: 0.91498543 | AE19: TCMII_Y7
A20: TCMNOM_M1 | B20: 0.013672868 | C20: 0.01896646 | D20: -0.010003447 | E20: 0.020790234 | F20: -0.0045972377 | G20: 0.13735648 | H20: -0.0014299001 | I20: -0.027597691 | J20: -0.014985678 | K20: 0.39556329 | L20: 0.31889791 | M20: 0.98371131 | N20: 0.19037067 | O20: 0.020603071 | P20: 0.0052538025 | Q20: -0.018021038 | R20: 0.051187171 | S20: 0.058016568 | AE20: TCMNOM_M1
A21: TCMNOM_M3 | B21: 0.034459015 | C21: 0.082790298 | D21: 0.0044407351 | E21: 0.0075573981 | F21: 0.094233435 | G21: 0.1411756 | H21: 0.051967892 | I21: 0.15049511 | J21: -0.090786325 | K21: 0.98246278 | L21: 0.55039199 | M21: 0.35846266 | N21: 0.28771745 | O21: 0.10796288 | P21: 0.098996887 | Q21: 0.071479845 | R21: 0.12046926 | S21: 0.10548031 | T21: 0.39599698 | AE21: TCMNOM_M3
A22: TCMNOM_M6 | B22: 0.018359292 | C22: 0.11716597 | D22: 0.023266395 | E22: 0.02762289 | F22: 0.18702989 | G22: 0.12751409 | H22: 0.076879618 | I22: 0.10906296 | J22: -0.022459485 | K22: 0.53819206 | L22: 0.9909227 | M22: 0.33742146 | N22: 0.57782613 | O22: 0.21379409 | P22: 0.1908144 | Q22: 0.15343805 | R22: 0.21982404 | S22: 0.19904886 | T22: 0.32333806 | U22: 0.53613775 | AE22: TCMNOM_M6
A23: TCMNOM_Y10 | B23: 0.053800212 | C23: 0.027905166 | D23: 0.046742237 | E23: 0.021872878 | F23: 0.81789256 | G23: 0.029413807 | H23: 0.044832888 | I23: -0.014674681 | J23: 0.037895307 | K23: 0.064506044 | L23: 0.24245568 | M23: -0.00095576066 | N23: 0.3823183 | O23: 0.79701648 | P23: 0.76617323 | Q23: 0.7982787 | R23: 0.56863642 | S23: 0.62282149 | T23: -0.0062604823 | U23: 0.078079268 | V23: 0.24566941 | AE23: TCMNOM_Y10
A24: TCMNOM_Y1 | B24: 0.028574452 | C24: 0.090263092 | D24: 0.049534597 | E24: 0.0014149869 | F24: 0.30095128 | G24: 0.090933634 | H24: 0.091761287 | I24: 0.036692564 | J24: -0.020348321 | K24: 0.29846494 | L24: 0.59292725 | M24: 0.20907352 | N24: 0.96159666 | O24: 0.35531734 | P24: 0.29617747 | Q24: 0.26797873 | R24: 0.35071255 | S24: 0.32582982 | T24: 0.18505263 | U24: 0.30710178 | V24: 0.59735354 | W24: 0.41367294 | AE24: TCMNOM_Y1
A25: TCMNOM_Y20 | B25: 0.043012685 | C25: 0.028001155 | D25: 0.040443379 | E25: 0.0036570162 | F25: 0.81457111 | G25: 0.047615659 | H25: 0.024428849 | I25: -0.014172687 | J25: 0.019281483 | K25: 0.05355169 | L25: 0.21718954 | M25: -0.0042903869 | N25: 0.33889043 | O25: 0.75197488 | P25: 0.75801009 | Q25: 0.81263583 | R25: 0.49095039 | S25: 0.56335125 | T25: -0.010444774 | U25: 0.068790488 | V25: 0.21989525 | W25: 0.96933617 | X25: 0.36660123 | AE25: TCMNOM_Y20
A26: TCMNOM_Y2 | B26: 0.022615323 | C26: 0.038667792 | D26: 0.0099031625 | E26: 0.044093371 | F26: 0.54932698 | G26: 0.067975842 | H26: 0.02107369 | I26: -0.032011572 | J26: 0.024244847 | K26: 0.15512137 | L26: 0.39900748 | M26: 0.0717582 | N26: 0.57308404 | O26: 0.60798269 | P26: 0.51068583 | Q26: 0.51171971 | R26: 0.60307015 | S26: 0.55116827 | T26: 0.067037318 | U26: 0.16796853 | V26: 0.40182338 | W26: 0.68962479 | X26: 0.61871096 | Y26: 0.60951435 | AE26: TCMNOM_Y2
A27: TCMNOM_Y30 | B27: 0.019970041 | C27: 0.011613084 | D27: 0.032207402 | E27: 0.0009109904 | F27: 0.80292957 | G27: 0.046968728 | H27: 0.025969755 | I27: -0.006078624 | J27: 0.013238511 | K27: 0.047746235 | L27: 0.20611061 | M27: -0.0052622645 | N27: 0.3221249 | O27: 0.724808 | P27: 0.75278785 | Q27: 0.81048456 | R27: 0.44988239 | S27: 0.52120719 | T27: -0.010536753 | U27: 0.060573241 | V27: 0.20963874 | W27: 0.95104463 | X27: 0.34730264 | Y27: 0.98693067 | Z27: 0.57464013 | AE27: TCMNOM_Y30
A28: TCMNOM_Y3 | B28: 0.042981884 | C28: 0.057548211 | D28: 0.037846193 | E28: 0.044100905 | F28: 0.65248582 | G28: 0.029082561 | H28: 0.024083912 | I28: -0.025158218 | J28: 0.037572686 | K28: 0.1154861 | L28: 0.32829799 | M28: 0.043174108 | N28: 0.52609839 | O28: 0.71463616 | P28: 0.61998941 | Q28: 0.61445628 | R28: 0.66473694 | S28: 0.62870632 | T28: 0.039176569 | U28: 0.13214651 | V28: 0.33245288 | W28: 0.81450802 | X28: 0.56475439 | Y28: 0.7266816 | Z28: 0.90235512 | AA28: 0.69233607 | AE28: TCMNOM_Y3
A29: TCMNOM_Y5 | B29: 0.05799118 | C29: 0.037420518 | D29: 0.033778583 | E29: 0.04375448 | F29: 0.76454248 | G29: 0.021868265 | H29: 0.033673538 | I29: -0.033382727 | J29: 0.055260169 | K29: 0.084619274 | L29: 0.28093729 | M29: 0.01893861 | N29: 0.45295024 | O29: 0.79975332 | P29: 0.72824703 | Q29: 0.73028052 | R29: 0.67573145 | S29: 0.6714217 | T29: 0.013202594 | U29: 0.099753985 | V29: 0.28440541 | W29: 0.93313865 | X29: 0.48925533 | Y29: 0.86459622 | Z29: 0.82511382 | AA29: 0.83200544 | AB29: 0.93604984 | AE29: TCMNOM_Y5
A30: TCMNOM_Y7 | B30: 0.05897632 | C30: 0.027745215 | D30: 0.043208868 | E30: 0.034886531 | F30: 0.79782995 | G30: 0.023111444 | H30: 0.034068607 | I30: -0.027858153 | J30: 0.050202481 | K30: 0.072932039 | L30: 0.25820193 | M30: 0.0040013832 | N30: 0.4111185 | O30: 0.80527903 | P30: 0.75204215 | Q30: 0.76914695 | R30: 0.62408955 | S30: 0.65431962 | T30: -0.0012416194 | U30: 0.089258035 | V30: 0.26192813 | W30: 0.97808028 | X30: 0.44516598 | Y30: 0.92882494 | Z30: 0.75525054 | AA30: 0.90198401 | AB30: 0.8761387 | AC30: 0.97248606 | AE30: TCMNOM_Y7
B31: FCP_M1 | C31: FCP_M2 | D31: FCP_M3 | E31: FF_O | F31: LTAVG_Y10P | G31: NFCP_M1 | H31: NFCP_M2 | I31: NFCP_M3 | J31: PRIME_NA | K31: TB_M3 | L31: TB_M6 | M31: TB_WK4 | N31: TB_Y1 | O31: TCMII_Y10 | P31: TCMII_Y20 | Q31: TCMII_Y30 | R31: TCMII_Y5 | S31: TCMII_Y7 | T31: TCMNOM_M1 | U31: TCMNOM_M3 | V31: TCMNOM_M6 | W31: TCMNOM_Y10 | X31: TCMNOM_Y1 | Y31: TCMNOM_Y20 | Z31: TCMNOM_Y2 | AA31: TCMNOM_Y30 | AB31: TCMNOM_Y3 | AC31: TCMNOM_Y5 | AD31: TCMNOM_Y7

Sheet Kendall's tau
B1: FCP_M1 | C1: FCP_M2 | D1: FCP_M3 | E1: FF_O | F1: LTAVG_Y10P | G1: NFCP_M1 | H1: NFCP_M2 | I1: NFCP_M3 | J1: PRIME_NA | K1: TB_M3 | L1: TB_M6 | M1: TB_WK4 | N1: TB_Y1 | O1: TCMII_Y10 | P1: TCMII_Y20 | Q1: TCMII_Y30 | R1: TCMII_Y5 | S1: TCMII_Y7 | T1: TCMNOM_M1 | U1: TCMNOM_M3 | V1: TCMNOM_M6 | W1: TCMNOM_Y10 | X1: TCMNOM_Y1 | Y1: TCMNOM_Y20 | Z1: TCMNOM_Y2 | AA1: TCMNOM_Y30 | AB1: TCMNOM_Y3 | AC1: TCMNOM_Y5 | AD1: TCMNOM_Y7
A2: FCP_M1 | AE2: FCP_M1
A3: FCP_M2 | B3: 0.34651547 | AE3: FCP_M2
A4: FCP_M3 | B4: 0.18036377 | C4: 0.35668775 | AE4: FCP_M3
A5: FF_O | B5: 0.0036531796 | C5: 0.014837499 | D5: -0.061853096 | AE5: FF_O
A6: LTAVG_Y10P | B6: 0.012213341 | C6: -0.0022948373 | D6: 0.0074335479 | E6: -0.0024689133 | AE6: LTAVG_Y10P
A7: NFCP_M1 | B7: 0.024716259 | C7: 0.060222421 | D7: 0.022330747 | E7: 0.093409448 | F7: 0.056016443 | AE7: NFCP_M1
A8: NFCP_M2 | B8: 0.034039742 | C8: 0.010996784 | D8: 0.01768789 | E8: 0.080082689 | F8: 0.039707779 | G8: 0.20003226 | AE8: NFCP_M2
A9: NFCP_M3 | B9: -0.0052148196 | C9: 0.0016446943 | D9: -0.027507622 | E9: 0.075403162 | F9: 0.014887678 | G9: 0.10030226 | H9: 0.2810197 | AE9: NFCP_M3
A10: PRIME_NA | B10: 0.053601918 | C10: -0.0036265079 | D10: 0.054903382 | E10: 0.074768488 | F10: 0.051984845 | G10: -0.05469709 | H10: 0.0082521298 | I10: -0.04960618 | AE10: PRIME_NA
A11: TB_M3 | B11: 0.0086020481 | C11: -0.0033670059 | D11: -0.075079303 | E11: 0.087521148 | F11: 0.036817418 | G11: 0.061230581 | H11: 0.074490134 | I11: 0.13301203 | J11: -0.057965544 | AE11: TB_M3
A12: TB_M6 | B12: -0.039198704 | C12: 0.046355478 | D12: -0.026360373 | E12: 0.042082341 | F12: 0.1064414 | G12: 0.10868197 | H12: 0.078901513 | I12: 0.06120044 | J12: -0.041617782 | K12: 0.34352992 | AE12: TB_M6
A13: TB_WK4 | B13: -0.045460456 | C13: -0.016825158 | D13: -0.022808327 | E13: 0.042459547 | F13: -0.0016021566 | G13: 0.046383372 | H13: -0.0043967893 | I13: 0.0048647882 | J13: -0.038360709 | K13: 0.20033348 | L13: 0.20278905 | AE13: TB_WK4
A14: TB_Y1 | B14: -0.012989254 | C14: 0.04020181 | D14: -0.0069768477 | E14: 0.017210569 | F14: 0.19065607 | G14: 0.040092937 | H14: 0.049090913 | I14: 0.015835467 | J14: -0.037034015 | K14: 0.16750613 | L14: 0.3339255 | M14: 0.15993942 | AE14: TB_Y1
A15: TCMII_Y10 | B15: 0.013796243 | C15: 0.0037627416 | D15: -0.0076096875 | E15: 0.015653447 | F15: 0.79835435 | G15: 0.058020424 | H15: 0.038328783 | I15: 0.012973787 | J15: 0.052007933 | K15: 0.053903151 | L15: 0.12599011 | M15: 0.011203952 | N15: 0.23845907 | AE15: TCMII_Y10
A16: TCMII_Y20 | B16: 0.019621455 | C16: 0.023367373 | D16: 0.0013577452 | E16: 0.0012967042 | F16: 0.79212213 | G16: 0.04703179 | H16: 0.021861686 | I16: 0.018226414 | J16: 0.048626572 | K16: 0.035401858 | L16: 0.10187214 | M16: -0.0049574851 | N16: 0.18642525 | O16: 0.75881351 | AE16: TCMII_Y20
A17: TCMII_Y30 | B17: 0.005175766 | C17: -0.01185056 | D17: 0.00050417648 | E17: -0.0019544183 | F17: 0.89380449 | G17: 0.065430555 | H17: 0.032629886 | I17: 0.020176785 | J17: 0.049022187 | K17: 0.023665553 | L17: 0.085966551 | M17: -0.013864127 | N17: 0.16447091 | O17: 0.7422132 | P17: 0.78675793 | AE17: TCMII_Y30
A18: TCMII_Y5 | B18: 0.018702277 | C18: -0.0060704009 | D18: -0.013326801 | E18: 0.024559947 | F18: 0.52053286 | G18: 0.027014575 | H18: 0.042595203 | I18: 0.01504003 | J18: 0.053298329 | K18: 0.058471867 | L18: 0.11855954 | M18: 0.034605856 | N18: 0.23902193 | O18: 0.61984555 | P18: 0.45122633 | Q18: 0.47102281 | AE18: TCMII_Y5
A19: TCMII_Y7 | B19: 0.0036547072 | C19: -0.0044286134 | D19: -0.0034859414 | E19: 0.024977428 | F19: 0.58316172 | G19: 0.025522196 | H19: 0.049427084 | I19: 0.019369521 | J19: 0.052768644 | K19: 0.056901227 | L19: 0.10248057 | M19: 0.017475904 | N19: 0.20581209 | O19: 0.67300931 | P19: 0.4999074 | Q19: 0.53342974 | R19: 0.77115357 | AE19: TCMII_Y7
A20: TCMNOM_M1 | B20: -0.029211522 | C20: -0.0011393446 | D20: -0.013253641 | E20: 0.04892911 | F20: -0.00374882 | G20: 0.066750328 | H20: -0.011691219 | I20: 0.016150968 | J20: -0.039939986 | K20: 0.25770264 | L20: 0.21978664 | M20: 0.90039465 | N20: 0.14796169 | O20: 0.01210805 | P20: -0.0068252878 | Q20: -0.013413705 | R20: 0.038755897 | S20: 0.024774572 | AE20: TCMNOM_M1
A21: TCMNOM_M3 | B21: 0.011354429 | C21: -0.00087494988 | D21: -0.063567588 | E21: 0.087830712 | F21: 0.03342859 | G21: 0.066954122 | H21: 0.068923379 | I21: 0.12800179 | J21: -0.057905964 | K21: 0.9394798 | L21: 0.32516516 | M21: 0.20401846 | N21: 0.16392827 | O21: 0.048935696 | P21: 0.030309693 | Q21: 0.018940568 | R21: 0.057203584 | S21: 0.052386371 | T21: 0.26304376 | AE21: TCMNOM_M3
A22: TCMNOM_M6 | B22: -0.032611913 | C22: 0.047185645 | D22: -0.037793207 | E22: 0.045846117 | F22: 0.10471292 | G22: 0.11273 | H22: 0.074718901 | I22: 0.072448175 | J22: -0.041028908 | K22: 0.33734394 | L22: 0.96006471 | M22: 0.20239039 | N22: 0.33300371 | O22: 0.12734336 | P22: 0.1030724 | Q22: 0.08506235 | R22: 0.1192873 | S22: 0.10357585 | T22: 0.21912977 | U22: 0.32316409 | AE22: TCMNOM_M6
A23: TCMNOM_Y10 | B23: 0.0073323946 | C23: 0.016252355 | D23: 0.020355112 | E23: 0.0033725445 | F23: 0.64335923 | G23: 0.043710068 | H23: 0.050150043 | I23: 0.013512675 | J23: 0.040960678 | K23: 0.015398015 | L23: 0.14797506 | M23: -0.0035039231 | N23: 0.25901285 | O23: 0.61646947 | P23: 0.59022614 | Q23: 0.61450422 | R23: 0.40473479 | S23: 0.45673346 | T23: -0.010358884 | U23: 0.022549368 | V23: 0.1483005 | AE23: TCMNOM_Y10
A24: TCMNOM_Y1 | B24: -0.0019231676 | C24: 0.039941242 | D24: -0.0034073891 | E24: 0.043110034 | F24: 0.23740049 | G24: 0.038840363 | H24: 0.060948321 | I24: 0.030651359 | J24: -0.036628123 | K24: 0.18264439 | L24: 0.31516811 | M24: 0.13931873 | N24: 0.84443734 | O24: 0.27846533 | P24: 0.22989501 | Q24: 0.21633683 | R24: 0.27553136 | S24: 0.24699915 | T24: 0.13382001 | U24: 0.1744826 | V24: 0.31335117 | W24: 0.29148898 | AE24: TCMNOM_Y1
A25: TCMNOM_Y20 | B25: 0.0078652102 | C25: 0.014298884 | D25: 0.026180139 | E25: -0.0090086007 | F25: 0.64197535 | G25: 0.051716508 | H25: 0.025090221 | I25: 0.014588208 | J25: 0.027070042 | K25: -0.0026700706 | L25: 0.12779997 | M25: -0.0062256787 | N25: 0.22372298 | O25: 0.57217209 | P25: 0.58604148 | Q25: 0.63583398 | R25: 0.34274173 | S25: 0.40371376 | T25: -0.014478856 | U25: 0.0069613808 | V25: 0.12617575 | W25: 0.85910598 | X25: 0.25910371 | AE25: TCMNOM_Y20
A26: TCMNOM_Y2 | B26: -0.014811521 | C26: 0.0096580672 | D26: -0.0080799132 | E26: 0.042758526 | F26: 0.41594588 | G26: 0.065331024 | H26: 0.043167147 | I26: -0.0066985486 | J26: 0.033908249 | K26: 0.082983551 | L26: 0.24068295 | M26: 0.048911087 | N26: 0.40776894 | O26: 0.46349631 | P26: 0.38741215 | Q26: 0.38609535 | R26: 0.44278771 | S26: 0.41307124 | T26: 0.046289409 | U26: 0.086455516 | V26: 0.23831633 | W26: 0.5249454 | X26: 0.44541918 | Y26: 0.45601336 | AE26: TCMNOM_Y2
A27: TCMNOM_Y30 | B27: -0.0036820241 | C27: 0.002589963 | D27: 0.023047282 | E27: -0.011413595 | F27: 0.62850764 | G27: 0.044916636 | H27: 0.022445413 | I27: 0.022710217 | J27: 0.017929818 | K27: -0.0087622211 | L27: 0.12193801 | M27: -0.0051461052 | N27: 0.20939437 | O27: 0.54379434 | P27: 0.57825521 | Q27: 0.6349524 | R27: 0.31180812 | S27: 0.37752318 | T27: -0.012861263 | U27: -0.0022549516 | V27: 0.12122422 | W27: 0.81515964 | X27: 0.24521289 | Y27: 0.91246221 | Z27: 0.42162792 | AE27: TCMNOM_Y30
A28: TCMNOM_Y3 | B28: -0.00070761648 | C28: 0.014066637 | D28: 0.00098094563 | E28: 0.052697568 | F28: 0.49981841 | G28: 0.047526518 | H28: 0.048538935 | I28: 0.01362424 | J28: 0.043465104 | K28: 0.063068926 | L28: 0.18974969 | M28: 0.028332284 | N28: 0.35790041 | O28: 0.55167694 | P28: 0.46688356 | Q28: 0.46091158 | R28: 0.49220219 | S28: 0.4731155 | T28: 0.023610536 | U28: 0.069444227 | V28: 0.1902565 | W28: 0.65388266 | X28: 0.38674218 | Y28: 0.56038442 | Z28: 0.71916333 | AA28: 0.52111761 | AE28: TCMNOM_Y3
A29: TCMNOM_Y5 | B29: 0.010012498 | C29: 0.016076868 | D29: 0.0084788233 | E29: 0.030374529 | F29: 0.58606088 | G29: 0.040020314 | H29: 0.042693068 | I29: -0.0016376316 | J29: 0.050175687 | K29: 0.031927957 | L29: 0.17007539 | M29: 0.016784158 | N29: 0.30996753 | O29: 0.62009597 | P29: 0.54677795 | Q29: 0.54357523 | R29: 0.49113123 | S29: 0.50026557 | T29: 0.0075356774 | U29: 0.038555192 | V29: 0.16836043 | W29: 0.79491163 | X29: 0.34164082 | Y29: 0.69661834 | Z29: 0.64610795 | AA29: 0.64924692 | AB29: 0.8083266 | AE29: TCMNOM_Y5
A30: TCMNOM_Y7 | B30: 0.0090566149 | C30: 0.014844443 | D30: 0.017215348 | E30: 0.014834304 | F30: 0.61737921 | G30: 0.040299254 | H30: 0.041471572 | I30: 0.00035516701 | J30: 0.047503812 | K30: 0.017207876 | L30: 0.15607784 | M30: 0.0062659322 | N30: 0.28217912 | O30: 0.62162358 | P30: 0.57071152 | Q30: 0.58026728 | R30: 0.44751359 | S30: 0.47962059 | T30: -0.0022935114 | U30: 0.02629063 | V30: 0.15661089 | W30: 0.88395154 | X30: 0.31081532 | Y30: 0.78581167 | Z30: 0.57786333 | AA30: 0.73844495 | AB30: 0.72656624 | AC30: 0.8738467 | AE30: TCMNOM_Y7
B31: FCP_M1 | C31: FCP_M2 | D31: FCP_M3 | E31: FF_O | F31: LTAVG_Y10P | G31: NFCP_M1 | H31: NFCP_M2 | I31: NFCP_M3 | J31: PRIME_NA | K31: TB_M3 | L31: TB_M6 | M31: TB_WK4 | N31: TB_Y1 | O31: TCMII_Y10 | P31: TCMII_Y20 | Q31: TCMII_Y30 | R31: TCMII_Y5 | S31: TCMII_Y7 | T31: TCMNOM_M1 | U31: TCMNOM_M3 | V31: TCMNOM_M6 | W31: TCMNOM_Y10 | X31: TCMNOM_Y1 | Y31: TCMNOM_Y20 | Z31: TCMNOM_Y2 | AA31: TCMNOM_Y30 | AB31: TCMNOM_Y3 | AC31: TCMNOM_Y5 | AD31: TCMNOM_Y7

Sheet differences
B1: FCP_M1 | C1: FCP_M2 | D1: FCP_M3 | E1: FF_O | F1: LTAVG_Y10P | G1: NFCP_M1 | H1: NFCP_M2 | I1: NFCP_M3 | J1: PRIME_NA | K1: TB_M3 | L1: TB_M6 | M1: TB_WK4 | N1: TB_Y1 | O1: TCMII_Y10 | P1: TCMII_Y20 | Q1: TCMII_Y30 | R1: TCMII_Y5 | S1: TCMII_Y7 | T1: TCMNOM_M1 | U1: TCMNOM_M3 | V1: TCMNOM_M6 | W1: TCMNOM_Y10 | X1: TCMNOM_Y1 | Y1: TCMNOM_Y20 | Z1: TCMNOM_Y2 | AA1: TCMNOM_Y30 | AB1: TCMNOM_Y3 | AC1: TCMNOM_Y5 | AD1: TCMNOM_Y7
A2: FCP_M1 | AE2: FCP_M1
A3: FCP_M2 | B3: ='Pearson''s rho'!B3-'Kendall''s tau'!B3 -> 0.19303013 | AE3: FCP_M2
A4: FCP_M3 | B4: ='Pearson''s rho'!B4-'Kendall''s tau'!B4 -> 0.11483271 | C4: ='Pearson''s rho'!C4-'Kendall''s tau'!C4 -> 0.10381177 | AE4: FCP_M3
A5: FF_O | B5: ='Pearson''s rho'!B5-'Kendall''s tau'!B5 -> 0.14685547 | C5: ='Pearson''s rho'!C5-'Kendall''s tau'!C5 -> -0.0070707022 | D5: ='Pearson''s rho'!D5-'Kendall''s tau'!D5 -> 0.11428433 | AE5: FF_O
A6: LTAVG_Y10P | B6: ='Pearson''s rho'!B6-'Kendall''s tau'!B6 -> 0.030656659 | C6: ='Pearson''s rho'!C6-'Kendall''s tau'!C6 -> 0.026203446 | D6: ='Pearson''s rho'!D6-'Kendall''s tau'!D6 -> -0.0010036249 | E6: ='Pearson''s rho'!E6-'Kendall''s tau'!E6 -> 0.071583384 | AE6: LTAVG_Y10P
A7: NFCP_M1 | B7: ='Pearson''s rho'!B7-'Kendall''s tau'!B7 -> 0.04643253 | C7: ='Pearson''s rho'!C7-'Kendall''s tau'!C7 -> 0.067681795 | D7: ='Pearson''s rho'!D7-'Kendall''s tau'!D7 -> 0.04857934 | E7: ='Pearson''s rho'!E7-'Kendall''s tau'!E7 -> -0.041603149 | F7: ='Pearson''s rho'!F7-'Kendall''s tau'!F7 -> 0.00014838153 | AE7: NFCP_M1
A8: NFCP_M2 | B8: ='Pearson''s rho'!B8-'Kendall''s tau'!B8 -> -0.0089936928 | C8: ='Pearson''s rho'!C8-'Kendall''s tau'!C8 -> -0.030341448 | D8: ='Pearson''s rho'!D8-'Kendall''s tau'!D8 -> 0.014492133 | E8: ='Pearson''s rho'!E8-'Kendall''s tau'!E8 -> 0.022759221 | F8: ='Pearson''s rho'!F8-'Kendall''s tau'!F8 -> 0.0049921289 | G8: ='Pearson''s rho'!G8-'Kendall''s tau'!G8 -> 0.065037954 | AE8: NFCP_M2
A9: NFCP_M3 | B9: ='Pearson''s rho'!B9-'Kendall''s tau'!B9 -> -0.04794784 | C9: ='Pearson''s rho'!C9-'Kendall''s tau'!C9 -> -0.030094347 | D9: ='Pearson''s rho'!D9-'Kendall''s tau'!D9 -> -0.027561801 | E9: ='Pearson''s rho'!E9-'Kendall''s tau'!E9 -> -0.034935435 | F9: ='Pearson''s rho'!F9-'Kendall''s tau'!F9 -> -0.0062819426 | G9: ='Pearson''s rho'!G9-'Kendall''s tau'!G9 -> -0.034790514 | H9: ='Pearson''s rho'!H9-'Kendall''s tau'!H9 -> 0.095717293 | AE9: NFCP_M3
A10: PRIME_NA | B10: ='Pearson''s rho'!B10-'Kendall''s tau'!B10 -> 0.028675915 | C10: ='Pearson''s rho'!C10-'Kendall''s tau'!C10 -> -0.00031979458 | D10: ='Pearson''s rho'!D10-'Kendall''s tau'!D10 -> 0.061853748 | E10: ='Pearson''s rho'!E10-'Kendall''s tau'!E10 -> 0.53360014 | F10: ='Pearson''s rho'!F10-'Kendall''s tau'!F10 -> 0.016124768 | G10: ='Pearson''s rho'!G10-'Kendall''s tau'!G10 -> -0.020704537 | H10: ='Pearson''s rho'!H10-'Kendall''s tau'!H10 -> 0.0050180225 | I10: ='Pearson''s rho'!I10-'Kendall''s tau'!I10 -> -0.0069776711 | AE10: PRIME_NA
A11: TB_M3 | B11: ='Pearson''s rho'!B11-'Kendall''s tau'!B11 -> 0.017258512 | C11: ='Pearson''s rho'!C11-'Kendall''s tau'!C11 -> 0.069957847 | D11: ='Pearson''s rho'!D11-'Kendall''s tau'!D11 -> 0.060917563 | E11: ='Pearson''s rho'!E11-'Kendall''s tau'!E11 -> -0.07437935 | F11: ='Pearson''s rho'!F11-'Kendall''s tau'!F11 -> 0.055926203 | G11: ='Pearson''s rho'!G11-'Kendall''s tau'!G11 -> 0.074246791 | H11: ='Pearson''s rho'!H11-'Kendall''s tau'!H11 -> -0.024753641 | I11: ='Pearson''s rho'!I11-'Kendall''s tau'!I11 -> 0.028235846 | J11: ='Pearson''s rho'!J11-'Kendall''s tau'!J11 -> -0.03370472 | AE11: TB_M3
A12: TB_M6 | B12: ='Pearson''s rho'!B12-'Kendall''s tau'!B12 -> 0.05800087 | C12: ='Pearson''s rho'!C12-'Kendall''s tau'!C12 -> 0.072904733 | D12: ='Pearson''s rho'!D12-'Kendall''s tau'!D12 -> 0.054002771 | E12: ='Pearson''s rho'!E12-'Kendall''s tau'!E12 -> -0.013957011 | F12: ='Pearson''s rho'!F12-'Kendall''s tau'!F12 -> 0.078114497 | G12: ='Pearson''s rho'!G12-'Kendall''s tau'!G12 -> 0.010754492 | H12: ='Pearson''s rho'!H12-'Kendall''s tau'!H12 -> -0.0043450927 | I12: ='Pearson''s rho'!I12-'Kendall''s tau'!I12 -> 0.045655918 | ... K12: ='Pearson''s rho'!K12-'Kendall''s tau'!K12 -> 0.21301702 | AE12: TB_M6
A13: TB_WK4 | B13: ='Pearson''s rho'!B13-'Kendall''s tau'!B13 -> 0.057809418 | C13: ='Pearson''s rho'!C13-'Kendall''s tau'!C13 -> 0.037393282 | D13: ='Pearson''s rho'!D13-'Kendall''s tau'!D13 -> 0.017709161 | E13: ='Pearson''s rho'!E13-'Kendall''s tau'!E13 -> -0.017428873 | F13: ='Pearson''s rho'!F13-'Kendall''s tau'!F13 -> -0.0017268993 | G13: ='Pearson''s rho'!G13-'Kendall''s tau'!G13 -> 0.096886644 | H13: ='Pearson''s rho'!H13-'Kendall''s tau'!H13 -> 0.016972988 | I13: ='Pearson''s rho'!I13-'Kendall''s tau'!I13 -> -0.026850998 | ... L13: ='Pearson''s rho'!L13-'Kendall''s tau'!L13 -> 0.12621189 | AE13: TB_WK4
A14: TB_Y1 | B14: ='Pearson''s rho'!B14-'Kendall''s tau'!B14 -> 0.026397966 | C14: ='Pearson''s rho'!C14-'Kendall''s tau'!C14 -> 0.050077711 | D14: ='Pearson''s rho'!D14-'Kendall''s tau'!D14 -> 0.04851343 | E14: ='Pearson''s rho'!E14-'Kendall''s tau'!E14 -> -0.021244291 | F14: ='Pearson''s rho'!F14-'Kendall''s tau'!F14 -> 0.079323019 | G14: ='Pearson''s rho'!G14-'Kendall''s tau'!G14 -> 0.056899091 | H14: ='Pearson''s rho'!H14-'Kendall''s tau'!H14 -> 0.021053653 | I14: ='Pearson''s rho'!I14-'Kendall''s tau'!I14 -> 0.023156861 | ... M14: ='Pearson''s rho'!M14-'Kendall''s tau'!M14 -> 0.057323153 | AE14: TB_Y1
A15: TCMII_Y10 | B15: ='Pearson''s rho'!B15-'Kendall''s tau'!B15 -> 0.05019424 | C15: ='Pearson''s rho'!C15-'Kendall''s tau'!C15 -> 0.037021538 | D15: ='Pearson''s rho'!D15-'Kendall''s tau'!D15 -> 0.015515984 | E15: ='Pearson''s rho'!E15-'Kendall''s tau'!E15 -> 0.066386927 | F15: ='Pearson''s rho'!F15-'Kendall''s tau'!F15 -> 0.14037719 | G15: ='Pearson''s rho'!G15-'Kendall''s tau'!G15 -> -0.0096784961 | H15: ='Pearson''s rho'!H15-'Kendall''s tau'!H15 -> 0.0080560995 | I15: ='Pearson''s rho'!I15-'Kendall''s tau'!I15 -> 0.00098666548 | ... N15: ='Pearson''s rho'!N15-'Kendall''s tau'!N15 -> 0.085812936 | AE15: TCMII_Y10
A16: TCMII_Y20 | B16: ='Pearson''s rho'!B16-'Kendall''s tau'!B16 -> 0.021027006 | C16: ='Pearson''s rho'!C16-'Kendall''s tau'!C16 -> 0.01693137 | D16: ='Pearson''s rho'!D16-'Kendall''s tau'!D16 -> 0.0022520572 | E16: ='Pearson''s rho'!E16-'Kendall''s tau'!E16 -> 0.054132011 | F16: ='Pearson''s rho'!F16-'Kendall''s tau'!F16 -> 0.11591732 | G16: ='Pearson''s rho'!G16-'Kendall''s tau'!G16 -> 0.0078423225 | H16: ='Pearson''s rho'!H16-'Kendall''s tau'!H16 -> 0.006863255 | I16: ='Pearson''s rho'!I16-'Kendall''s tau'!I16 -> -0.0042510796 | ... O16: ='Pearson''s rho'!O16-'Kendall''s tau'!O16 -> 0.14373687 | AE16: TCMII_Y20
A17: TCMII_Y30 | B17: ='Pearson''s rho'!B17-'Kendall''s tau'!B17 -> 0.015881692 | C17: ='Pearson''s rho'!C17-'Kendall''s tau'!C17 -> 0.019369372 | D17: ='Pearson''s rho'!D17-'Kendall''s tau'!D17 -> -0.0047630283 | E17: ='Pearson''s rho'!E17-'Kendall''s tau'!E17 -> 0.059054943 | F17: ='Pearson''s rho'!F17-'Kendall''s tau'!F17 -> 0.085919628 | G17: ='Pearson''s rho'!G17-'Kendall''s tau'!G17 -> 0.00076260423 | H17: ='Pearson''s rho'!H17-'Kendall''s tau'!H17 -> 0.0087983808 | I17: ='Pearson''s rho'!I17-'Kendall''s tau'!I17 -> -0.014914818 | ... P17: ='Pearson''s rho'!P17-'Kendall''s tau'!P17 -> 0.11699023 | AE17: TCMII_Y30
A18: TCMII_Y5 | B18: ='Pearson''s rho'!B18-'Kendall''s tau'!B18 -> 0.066562058 | C18: ='Pearson''s rho'!C18-'Kendall''s tau'!C18 -> 0.058157896 | D18: ='Pearson''s rho'!D18-'Kendall''s tau'!D18 -> 0.042238586 | E18: ='Pearson''s rho'!E18-'Kendall''s tau'!E18 -> 0.077327003 | F18: ='Pearson''s rho'!F18-'Kendall''s tau'!F18 -> 0.18582549 | G18: ='Pearson''s rho'!G18-'Kendall''s tau'!G18 -> -0.015894845 | H18: ='Pearson''s rho'!H18-'Kendall''s tau'!H18 -> 0.0088954891 | I18: ='Pearson''s rho'!I18-'Kendall''s tau'!I18 -> -0.0090884427 | ... Q18: ='Pearson''s rho'!Q18-'Kendall''s tau'!Q18 -> 0.18479788 | AE18: TCMII_Y5
A19: TCMII_Y7 | B19: ='Pearson''s rho'!B19-'Kendall''s tau'!B19 -> 0.062671408 | C19: ='Pearson''s rho'!C19-'Kendall''s tau'!C19 -> 0.062867882 | D19: ='Pearson''s rho'!D19-'Kendall''s tau'!D19 -> 0.042393918 | E19: ='Pearson''s rho'!E19-'Kendall''s tau'!E19 -> 0.086866849 | F19: ='Pearson''s rho'!F19-'Kendall''s tau'!F19 -> 0.18113174 | G19: ='Pearson''s rho'!G19-'Kendall''s tau'!G19 -> 0.002242176 | H19: ='Pearson''s rho'!H19-'Kendall''s tau'!H19 -> -0.0010847417 | I19: ='Pearson''s rho'!I19-'Kendall''s tau'!I19 -> -0.010810811 | ... R19: ='Pearson''s rho'!R19-'Kendall''s tau'!R19 -> 0.14383186 | AE19: TCMII_Y7
A20: TCMNOM_M1 | B20: ='Pearson''s rho'!B20-'Kendall''s tau'!B20 -> 0.04288439 | C20: ='Pearson''s rho'!C20-'Kendall''s tau'!C20 -> 0.020105804 | D20: ='Pearson''s rho'!D20-'Kendall''s tau'!D20 -> 0.0032501941 | E20: ='Pearson''s rho'!E20-'Kendall''s tau'!E20 -> -0.028138876 | F20: ='Pearson''s rho'!F20-'Kendall''s tau'!F20 -> -0.00084841769 | G20: ='Pearson''s rho'!G20-'Kendall''s tau'!G20 -> 0.070606153 | H20: ='Pearson''s rho'!H20-'Kendall''s tau'!H20 -> 0.010261319 | I20: ='Pearson''s rho'!I20-'Kendall''s tau'!I20 -> -0.043748659 | ... S20: ='Pearson''s rho'!S20-'Kendall''s tau'!S20 -> 0.033241996 | AE20: TCMNOM_M1
A21: TCMNOM_M3 | B21: ='Pearson''s rho'!B21-'Kendall''s tau'!B21 -> 0.023104586 | C21: ='Pearson''s rho'!C21-'Kendall''s tau'!C21 -> 0.083665248 | D21: ='Pearson''s rho'!D21-'Kendall''s tau'!D21 -> 0.068008323 | E21: ='Pearson''s rho'!E21-'Kendall''s tau'!E21 -> -0.080273314 | F21: ='Pearson''s rho'!F21-'Kendall''s tau'!F21 -> 0.060804845 | G21: ='Pearson''s rho'!G21-'Kendall''s tau'!G21 -> 0.074221474 | H21: ='Pearson''s rho'!H21-'Kendall''s tau'!H21 -> -0.016955487 | I21: ='Pearson''s rho'!I21-'Kendall''s tau'!I21 -> 0.022493316 | ... T21: ='Pearson''s rho'!T21-'Kendall''s tau'!T21 -> 0.13295322 | AE21: TCMNOM_M3
A22: TCMNOM_M6 | B22: ='Pearson''s rho'!B22-'Kendall''s tau'!B22 -> 0.050971204 | C22: ='Pearson''s rho'!C22-'Kendall''s tau'!C22 -> 0.06998032 | D22: ='Pearson''s rho'!D22-'Kendall''s tau'!D22 -> 0.061059602 | E22: ='Pearson''s rho'!E22-'Kendall''s tau'!E22 -> -0.018223227 | F22: ='Pearson''s rho'!F22-'Kendall''s tau'!F22 -> 0.082316968 | G22: ='Pearson''s rho'!G22-'Kendall''s tau'!G22 -> 0.014784092 | H22: ='Pearson''s rho'!H22-'Kendall''s tau'!H22 -> 0.0021607163 | I22: ='Pearson''s rho'!I22-'Kendall''s tau'!I22 -> 0.036614785 | ... U22: ='Pearson''s rho'!U22-'Kendall''s tau'!U22 -> 0.21297366 | AE22: TCMNOM_M6
A23: TCMNOM_Y10 | B23: ='Pearson''s rho'!B23-'Kendall''s tau'!B23 -> 0.046467817 | C23: ='Pearson''s rho'!C23-'Kendall''s tau'!C23 -> 0.011652811 | D23: ='Pearson''s rho'!D23-'Kendall''s tau'!D23 -> 0.026387124 | E23: ='Pearson''s rho'!E23-'Kendall''s tau'!E23 -> 0.018500334 | F23: ='Pearson''s rho'!F23-'Kendall''s tau'!F23 -> 0.17453333 | G23: ='Pearson''s rho'!G23-'Kendall''s tau'!G23 -> -0.014296261 | H23: ='Pearson''s rho'!H23-'Kendall''s tau'!H23 -> -0.0053171549 | I23: ='Pearson''s rho'!I23-'Kendall''s tau'!I23 -> -0.028187356 | ... V23: ='Pearson''s rho'!V23-'Kendall''s tau'!V23 -> 0.097368901 | AE23: TCMNOM_Y10
A24: TCMNOM_Y1 | B24: ='Pearson''s rho'!B24-'Kendall''s tau'!B24 -> 0.030497619 | C24: ='Pearson''s rho'!C24-'Kendall''s tau'!C24 -> 0.05032185 | D24: ='Pearson''s rho'!D24-'Kendall''s tau'!D24 -> 0.052941986 | E24: ='Pearson''s rho'!E24-'Kendall''s tau'!E24 -> -0.041695047 | F24: ='Pearson''s rho'!F24-'Kendall''s tau'!F24 -> 0.063550791 | G24: ='Pearson''s rho'!G24-'Kendall''s tau'!G24 -> 0.052093271 | H24: ='Pearson''s rho'!H24-'Kendall''s tau'!H24 -> 0.030812966 | I24: ='Pearson''s rho'!I24-'Kendall''s tau'!I24 -> 0.0060412047 | ... W24: ='Pearson''s rho'!W24-'Kendall''s tau'!W24 -> 0.12218396 | AE24: TCMNOM_Y1
A25: TCMNOM_Y20 | B25: ='Pearson''s rho'!B25-'Kendall''s tau'!B25 -> 0.035147475 | C25: ='Pearson''s rho'!C25-'Kendall''s tau'!C25 -> 0.013702271 | D25: ='Pearson''s rho'!D25-'Kendall''s tau'!D25 -> 0.01426324 | E25: ='Pearson''s rho'!E25-'Kendall''s tau'!E25 -> 0.012665617 | F25: ='Pearson''s rho'!F25-'Kendall''s tau'!F25 -> 0.17259577 | G25: ='Pearson''s rho'!G25-'Kendall''s tau'!G25 -> -0.0041008497 | H25: ='Pearson''s rho'!H25-'Kendall''s tau'!H25 -> -0.00066137188 | I25: ='Pearson''s rho'!I25-'Kendall''s tau'!I25 -> -0.028760895 | ... X25: ='Pearson''s rho'!X25-'Kendall''s tau'!X25 -> 0.10749752 | AE25: TCMNOM_Y20
A26: TCMNOM_Y2 | B26: ='Pearson''s rho'!B26-'Kendall''s tau'!B26 -> 0.037426844 | C26: ='Pearson''s rho'!C26-'Kendall''s tau'!C26 -> 0.029009725 | D26: ='Pearson''s rho'!D26-'Kendall''s tau'!D26 -> 0.017983076 | E26: ='Pearson''s rho'!E26-'Kendall''s tau'!E26 -> 0.0013348446 | F26: ='Pearson''s rho'!F26-'Kendall''s tau'!F26 -> 0.1333811 | G26: ='Pearson''s rho'!G26-'Kendall''s tau'!G26 -> 0.002644818 | H26: ='Pearson''s rho'!H26-'Kendall''s tau'!H26 -> -0.022093457 | I26: ='Pearson''s rho'!I26-'Kendall''s tau'!I26 -> -0.025313023 | ... Y26: ='Pearson''s rho'!Y26-'Kendall''s tau'!Y26 -> 0.15350099 | AE26: TCMNOM_Y2
A27: TCMNOM_Y30 | B27: ='Pearson''s rho'!B27-'Kendall''s tau'!B27 -> 0.023652065 | C27: ='Pearson''s rho'!C27-'Kendall''s tau'!C27 -> 0.0090231207 | D27: ='Pearson''s rho'!D27-'Kendall''s tau'!D27 -> 0.0091601195 | E27: ='Pearson''s rho'!E27-'Kendall''s tau'!E27 -> 0.012324585 | F27: ='Pearson''s rho'!F27-'Kendall''s tau'!F27 -> 0.17442193 | G27: ='Pearson''s rho'!G27-'Kendall''s tau'!G27 -> 0.0020520912 | H27: ='Pearson''s rho'!H27-'Kendall''s tau'!H27 -> 0.003524342 | I27: ='Pearson''s rho'!I27-'Kendall''s tau'!I27 -> -0.028788841 | ... Z27: ='Pearson''s rho'!Z27-'Kendall''s tau'!Z27 -> 0.1530122 | AE27: TCMNOM_Y30
A28: TCMNOM_Y3 | B28: ='Pearson''s rho'!B28-'Kendall''s tau'!B28 -> 0.0436895 | C28: ='Pearson''s rho'!C28-'Kendall''s tau'!C28 -> 0.043481574 | D28: ='Pearson''s rho'!D28-'Kendall''s tau'!D28 -> 0.036865247 | E28: ='Pearson''s rho'!E28-'Kendall''s tau'!E28 -> -0.0085966625 | F28: ='Pearson''s rho'!F28-'Kendall''s tau'!F28 -> 0.15266741 | G28: ='Pearson''s rho'!G28-'Kendall''s tau'!G28 -> -0.018443956 | H28: ='Pearson''s rho'!H28-'Kendall''s tau'!H28 -> -0.024455023 | I28: ='Pearson''s rho'!I28-'Kendall''s tau'!I28 -> -0.038782457 | ... AA28: ='Pearson''s rho'!AA28-'Kendall''s tau'!AA28 -> 0.17121846 | AE28: TCMNOM_Y3
A29: TCMNOM_Y5 | B29: ='Pearson''s rho'!B29-'Kendall''s tau'!B29 -> 0.047978682 | C29: ='Pearson''s rho'!C29-'Kendall''s tau'!C29 -> 0.02134365 | D29: ='Pearson''s rho'!D29-'Kendall''s tau'!D29 -> 0.02529976 | E29: ='Pearson''s rho'!E29-'Kendall''s tau'!E29 -> 0.013379951 | F29: ='Pearson''s rho'!F29-'Kendall''s tau'!F29 -> 0.17848159 | G29: ='Pearson''s rho'!G29-'Kendall''s tau'!G29 -> -0.018152048 | H29: ='Pearson''s rho'!H29-'Kendall''s tau'!H29 -> -0.0090195309 | I29: ='Pearson''s rho'!I29-'Kendall''s tau'!I29 -> -0.031745095 | ... AB29: ='Pearson''s rho'!AB29-'Kendall''s tau'!AB29 -> 0.12772324 | AE29: TCMNOM_Y5
A30: TCMNOM_Y7 | B30: ='Pearson''s rho'!B30-'Kendall''s tau'!B30 -> 0.049919705 | C30: ='Pearson''s rho'!C30-'Kendall''s tau'!C30 -> 0.012900772 | D30: ='Pearson''s rho'!D30-'Kendall''s tau'!D30 -> 0.02599352 | E30: ='Pearson''s rho'!E30-'Kendall''s tau'!E30 -> 0.020052227 | F30: ='Pearson''s rho'!F30-'Kendall''s tau'!F30 -> 0.18045074 | G30: ='Pearson''s rho'!G30-'Kendall''s tau'!G30 -> -0.017187809 | H30: ='Pearson''s rho'!H30-'Kendall''s tau'!H30 -> -0.0074029651 | I30: ='Pearson''s rho'!I30-'Kendall''s tau'!I30 -> -0.02821332 | ... AC30: ='Pearson''s rho'!AC30-'Kendall''s tau'!AC30 -> 0.098639361 | AE30: TCMNOM_Y7
B31: FCP_M1 | C31: FCP_M2 | D31: FCP_M3 | E31: FF_O | F31: LTAVG_Y10P | G31: NFCP_M1 | H31: NFCP_M2 | I31: NFCP_M3 | J31: PRIME_NA | K31: TB_M3 | L31: TB_M6 | M31: TB_WK4 | N31: TB_Y1 | O31: TCMII_Y10 | P31: TCMII_Y20 | Q31: TCMII_Y30 | R31: TCMII_Y5 | S31: TCMII_Y7 | T31: TCMNOM_M1 | U31: TCMNOM_M3 | V31: TCMNOM_M6 | W31: TCMNOM_Y10 | X31: TCMNOM_Y1 | Y31: TCMNOM_Y20 | Z31: TCMNOM_Y2 | AA31: TCMNOM_Y30 | AB31: TCMNOM_Y3 | AC31: TCMNOM_Y5 | AD31: TCMNOM_Y7
